"Gene","Label","PCA_NNet","AdaBoost","RotationForest","GBM","BaggedTree","RandomForest","LogitBoost","ParallelRF","Ranger","Rborist","SVM_Radial","PLS","SVM_Linear","WSRF","Multinomial","Ensemble_mean","Votes_OB"
"CLTC","POSITIVE",0.861,0.755,0.82,0.798,0.905,0.914,0.752,0.919,0.915,0.919,0.707,0.591,0.607,0.939,0.997,0.827,15
"COL1A1","POSITIVE",0.854,0.751,0.859,0.783,0.634,0.849,0.73,0.842,0.848,0.846,0.617,0.712,0.779,0.911,1,0.801,15
"COL6A1","POSITIVE",0.847,0.75,0.843,0.786,0.799,0.864,0.729,0.861,0.862,0.872,0.68,0.665,0.63,0.917,0.904,0.801,15
"VCAN","POSITIVE",0.855,0.726,0.8,0.76,0.809,0.869,0.723,0.87,0.869,0.871,0.684,0.599,0.657,0.928,0.987,0.801,15
"TNC","POSITIVE",0.855,0.736,0.85,0.794,0.826,0.83,0.748,0.829,0.83,0.835,0.691,0.599,0.751,0.895,0.895,0.798,15
"SYNCRIP","POSITIVE",0.845,0.728,0.831,0.818,0.885,0.82,0.865,0.808,0.821,0.824,0.679,0.561,0.641,0.813,0.955,0.793,15
"DHX9","POSITIVE",0.855,0.693,0.848,0.787,0.849,0.827,0.844,0.82,0.826,0.825,0.603,0.556,0.671,0.832,1,0.789,15
"DDX21","POSITIVE",0.846,0.717,0.81,0.803,0.832,0.778,0.864,0.782,0.779,0.779,0.669,0.548,0.598,0.81,0.979,0.773,15
"RPS15","POSITIVE",0.856,0.746,0.822,0.781,0.748,0.792,0.698,0.792,0.79,0.799,0.657,0.651,0.647,0.865,0.904,0.77,15
"HNRNPU","POSITIVE",0.853,0.735,0.814,0.789,0.836,0.769,0.719,0.765,0.771,0.769,0.695,0.566,0.628,0.763,1,0.765,15
"SND1","POSITIVE",0.842,0.732,0.848,0.786,0.81,0.789,0.649,0.782,0.788,0.79,0.698,0.586,0.566,0.756,0.994,0.761,15
"LOX","POSITIVE",0.85,0.754,0.802,0.793,0.736,0.846,0.736,0.835,0.848,0.855,0.688,0.618,0.572,0.903,0.557,0.76,15
"PSMC2","POSITIVE",0.851,0.727,0.78,0.766,0.858,0.765,0.735,0.774,0.766,0.774,0.702,0.556,0.581,0.776,0.989,0.76,15
"HNRNPC","POSITIVE",0.784,0.721,0.819,0.754,0.787,0.763,0.743,0.769,0.767,0.775,0.692,0.614,0.605,0.857,0.937,0.759,15
"SNRNP200","POSITIVE",0.727,0.717,0.815,0.837,0.852,0.809,0.838,0.788,0.81,0.81,0.531,0.544,0.525,0.784,0.947,0.756,15
"MRC2","POSITIVE",0.838,0.74,0.756,0.765,0.774,0.821,0.713,0.818,0.823,0.831,0.686,0.606,0.575,0.88,0.67,0.753,15
"IGFBP3","POSITIVE",0.843,0.745,0.812,0.79,0.826,0.879,0.749,0.869,0.878,0.884,0.686,0.62,0.507,0.917,0.204,0.747,14
"RRBP1","POSITIVE",0.854,0.732,0.869,0.772,0.775,0.728,0.574,0.716,0.726,0.723,0.706,0.594,0.654,0.7,0.939,0.738,15
"CREB3L1","POSITIVE",0.853,0.71,0.781,0.759,0.812,0.766,0.586,0.77,0.765,0.771,0.681,0.56,0.577,0.733,0.937,0.737,15
"RSL1D1","POSITIVE",0.846,0.714,0.777,0.774,0.79,0.72,0.783,0.735,0.724,0.724,0.697,0.565,0.572,0.728,0.755,0.727,15
"TPM4","POSITIVE",0.859,0.749,0.834,0.8,0.725,0.68,0.687,0.668,0.679,0.692,0.673,0.635,0.614,0.752,0.769,0.721,15
"CCDC47","POSITIVE",0.779,0.658,0.781,0.723,0.812,0.821,0.673,0.819,0.82,0.819,0.617,0.551,0.567,0.825,0.533,0.72,15
"SEMA7A","POSITIVE",0.739,0.681,0.801,0.748,0.73,0.679,0.892,0.694,0.679,0.681,0.563,0.51,0.661,0.682,0.933,0.712,15
"ITGA11","POSITIVE",0.854,0.726,0.757,0.769,0.633,0.668,0.695,0.684,0.668,0.674,0.644,0.577,0.73,0.794,0.787,0.711,15
"FASN","POSITIVE",0.804,0.655,0.759,0.801,0.77,0.721,0.807,0.736,0.724,0.722,0.529,0.548,0.565,0.711,0.773,0.708,15
"JUNB","POSITIVE",0.811,0.676,0.694,0.798,0.741,0.725,0.861,0.75,0.727,0.724,0.617,0.557,0.561,0.712,0.665,0.708,15
"ADAR","POSITIVE",0.768,0.711,0.716,0.743,0.787,0.702,0.682,0.692,0.702,0.703,0.681,0.547,0.472,0.694,0.984,0.706,14
"FHL2","POSITIVE",0.758,0.736,0.633,0.791,0.749,0.782,0.865,0.802,0.784,0.79,0.678,0.601,0.513,0.812,0.222,0.701,14
"AKT1","POSITIVE",0.8,0.645,0.791,0.679,0.631,0.642,0.689,0.646,0.644,0.645,0.603,0.554,0.607,0.659,0.987,0.682,15
"DNAJC13","POSITIVE",0.805,0.644,0.707,0.718,0.783,0.716,0.816,0.703,0.713,0.718,0.624,0.525,0.506,0.707,0.517,0.68,15
"CTNNB1","POSITIVE",0.665,0.631,0.478,0.695,0.553,0.638,0.588,0.646,0.635,0.633,0.687,0.594,0.592,0.697,1,0.649,14
"CBFB","POSITIVE",0.837,0.635,0.656,0.695,0.781,0.677,0.824,0.65,0.672,0.677,0.631,0.523,0.555,0.715,0.118,0.643,14
"NF1","POSITIVE",0.542,0.573,0.705,0.683,0.658,0.642,0.639,0.633,0.643,0.641,0.527,0.507,0.644,0.612,0.917,0.638,15
"FGF2","POSITIVE",0.703,0.673,0.696,0.732,0.634,0.635,0.776,0.645,0.637,0.638,0.61,0.5,0.49,0.706,0.352,0.628,12
"IGFBP5","POSITIVE",0.76,0.632,0.64,0.672,0.551,0.583,0.599,0.574,0.58,0.58,0.594,0.507,0.713,0.604,0.83,0.628,15
"SMAD3","POSITIVE",0.593,0.616,0.668,0.625,0.736,0.671,0.519,0.671,0.671,0.674,0.577,0.524,0.518,0.697,0.579,0.622,15
"HSD17B4","POSITIVE",0.646,0.544,0.497,0.589,0.607,0.621,0.592,0.616,0.619,0.614,0.625,0.546,0.56,0.548,0.881,0.607,14
"BMPR2","POSITIVE",0.754,0.642,0.635,0.692,0.555,0.499,0.649,0.491,0.496,0.497,0.655,0.51,0.562,0.576,0.864,0.605,11
"EPHA2","POSITIVE",0.765,0.578,0.698,0.705,0.715,0.652,0.882,0.646,0.653,0.653,0.451,0.523,0.454,0.643,0.062,0.605,12
"FBL","POSITIVE",0.456,0.666,0.607,0.708,0.712,0.621,0.626,0.617,0.623,0.621,0.577,0.503,0.468,0.644,0.57,0.601,13
"TMEM119","POSITIVE",0.581,0.58,0.718,0.612,0.531,0.527,0.722,0.536,0.528,0.53,0.533,0.565,0.669,0.58,0.74,0.597,15
"LGR4","POSITIVE",0.541,0.525,0.623,0.561,0.572,0.513,0.766,0.529,0.513,0.506,0.448,0.486,0.702,0.501,0.999,0.586,13
"MYBBP1A","POSITIVE",0.812,0.511,0.691,0.594,0.599,0.587,0.862,0.588,0.586,0.585,0.449,0.525,0.545,0.504,0.337,0.585,13
"ALPL","POSITIVE",0.651,0.575,0.672,0.659,0.534,0.596,0.756,0.633,0.599,0.597,0.52,0.552,0.527,0.568,0.297,0.582,14
"SMAD4","POSITIVE",0.544,0.604,0.653,0.631,0.577,0.581,0.622,0.566,0.576,0.576,0.604,0.527,0.511,0.529,0.628,0.582,15
"GTPBP4","POSITIVE",0.457,0.522,0.565,0.566,0.563,0.6,0.741,0.619,0.601,0.597,0.527,0.54,0.494,0.557,0.517,0.564,13
"LRP5","POSITIVE",0.406,0.492,0.686,0.657,0.676,0.635,0.767,0.626,0.634,0.634,0.435,0.498,0.479,0.606,0.065,0.553,9
"RRAS2","POSITIVE",0.335,0.605,0.596,0.618,0.704,0.673,0.459,0.659,0.668,0.667,0.636,0.559,0.429,0.663,0.024,0.553,11
"CTHRC1","POSITIVE",0.485,0.62,0.489,0.625,0.618,0.605,0.678,0.621,0.606,0.609,0.614,0.617,0.368,0.662,0.044,0.551,11
"BMPR1A","POSITIVE",0.71,0.565,0.55,0.569,0.557,0.488,0.603,0.508,0.486,0.491,0.558,0.495,0.503,0.501,0.546,0.542,11
"SNAI1","POSITIVE",0.795,0.377,0.699,0.474,0.471,0.464,0.372,0.475,0.465,0.462,0.378,0.464,0.76,0.443,1,0.54,4
"MEF2D","POSITIVE",0.644,0.554,0.656,0.54,0.604,0.546,0.737,0.534,0.547,0.548,0.496,0.515,0.445,0.449,0.236,0.537,11
"GLI2","POSITIVE",0.687,0.407,0.473,0.524,0.483,0.464,0.63,0.475,0.465,0.464,0.346,0.461,0.612,0.474,0.973,0.529,5
"WWTR1","POSITIVE",0.602,0.513,0.456,0.462,0.495,0.469,0.288,0.471,0.469,0.471,0.66,0.556,0.528,0.435,0.823,0.513,6
"SMO","POSITIVE",0.645,0.369,0.533,0.442,0.45,0.436,0.588,0.434,0.433,0.433,0.346,0.469,0.625,0.425,0.996,0.508,5
"CAT","POSITIVE",0.435,0.588,0.479,0.557,0.604,0.46,0.426,0.449,0.46,0.459,0.564,0.531,0.448,0.422,0.699,0.505,6
"JUND","POSITIVE",0.618,0.592,0.502,0.578,0.521,0.48,0.47,0.49,0.483,0.487,0.623,0.541,0.456,0.518,0.041,0.493,8
"SMAD5","POSITIVE",0.456,0.503,0.439,0.521,0.513,0.467,0.643,0.457,0.468,0.472,0.548,0.52,0.483,0.475,0.347,0.488,6
"DLX5","POSITIVE",0.401,0.339,0.5,0.424,0.48,0.476,0.574,0.48,0.476,0.479,0.477,0.402,0.617,0.375,0.514,0.468,4
"BMP4","POSITIVE",0.229,0.349,0.522,0.434,0.479,0.403,0.411,0.426,0.404,0.401,0.391,0.452,0.737,0.371,0.995,0.467,3
"LRRC17","POSITIVE",0.49,0.282,0.37,0.343,0.387,0.434,0.368,0.443,0.436,0.439,0.443,0.496,0.717,0.463,0.833,0.463,2
"MEN1","POSITIVE",0.569,0.45,0.456,0.508,0.5,0.461,0.637,0.455,0.46,0.458,0.401,0.51,0.502,0.398,0.129,0.46,5
"SIRT7","POSITIVE",0.451,0.349,0.359,0.404,0.373,0.381,0.502,0.387,0.384,0.386,0.325,0.494,0.561,0.35,0.979,0.446,3
"GABBR1","POSITIVE",0.321,0.343,0.353,0.425,0.394,0.439,0.621,0.439,0.437,0.439,0.37,0.463,0.513,0.433,0.403,0.426,2
"SFRP1","POSITIVE",0.492,0.326,0.425,0.398,0.39,0.371,0.479,0.382,0.372,0.376,0.378,0.449,0.523,0.313,0.718,0.426,2
"ACHE","POSITIVE",0.261,0.296,0.5,0.456,0.476,0.396,0.395,0.378,0.395,0.398,0.467,0.288,0.49,0.369,0.692,0.417,2
"LIMD1","POSITIVE",0.412,0.335,0.38,0.321,0.33,0.318,0.466,0.31,0.315,0.316,0.336,0.479,0.624,0.302,1,0.416,2
"GLI3","POSITIVE",0.379,0.393,0.482,0.343,0.343,0.338,0.384,0.33,0.334,0.334,0.359,0.48,0.514,0.308,0.835,0.41,2
"TP53INP2","POSITIVE",0.445,0.391,0.35,0.388,0.314,0.386,0.299,0.381,0.386,0.387,0.441,0.494,0.427,0.314,0.571,0.398,1
"FIGNL1","POSITIVE",0.508,0.258,0.382,0.318,0.297,0.317,0.252,0.328,0.316,0.314,0.402,0.458,0.63,0.288,0.83,0.393,3
"RUNX2","POSITIVE",0.568,0.35,0.431,0.337,0.3,0.369,0.395,0.362,0.364,0.368,0.496,0.513,0.476,0.328,0.165,0.388,2
"SPP1","POSITIVE",0.336,0.251,0.285,0.246,0.285,0.326,0.215,0.335,0.329,0.327,0.445,0.424,0.675,0.29,0.757,0.368,2
"SHOX2","POSITIVE",0.211,0.237,0.328,0.26,0.33,0.339,0.427,0.341,0.34,0.34,0.346,0.445,0.431,0.304,0.776,0.364,1
"MAPK14","POSITIVE",0.162,0.373,0.263,0.365,0.257,0.438,0.256,0.431,0.437,0.436,0.497,0.534,0.431,0.421,0.117,0.361,1
"HAND2","POSITIVE",0.294,0.272,0.564,0.388,0.355,0.358,0.256,0.363,0.355,0.349,0.502,0.261,0.482,0.391,0.137,0.355,2
"SMAD1","POSITIVE",0.26,0.282,0.363,0.238,0.263,0.3,0.397,0.309,0.301,0.302,0.335,0.491,0.561,0.273,0.549,0.348,2
"IFT80","POSITIVE",0.319,0.267,0.3,0.244,0.211,0.291,0.257,0.297,0.288,0.293,0.382,0.512,0.521,0.253,0.228,0.311,2
"ASF1A","POSITIVE",0.34,0.335,0.286,0.317,0.249,0.252,0.28,0.241,0.253,0.255,0.387,0.502,0.472,0.237,0.092,0.3,1
"MAPK11","POSITIVE",0.193,0.311,0.205,0.374,0.251,0.271,0.453,0.267,0.27,0.269,0.293,0.492,0.404,0.254,0.019,0.288,0
"MEF2C","POSITIVE",0.258,0.23,0.353,0.228,0.322,0.259,0.238,0.27,0.259,0.257,0.311,0.428,0.506,0.232,0.153,0.287,1
"BCAP29","POSITIVE",0.198,0.278,0.249,0.235,0.207,0.272,0.173,0.293,0.27,0.27,0.394,0.499,0.382,0.266,0.276,0.284,0
"BMPR1B","POSITIVE",0.167,0.239,0.239,0.299,0.298,0.287,0.3,0.282,0.285,0.283,0.376,0.431,0.342,0.312,0.011,0.277,0
"NOG","POSITIVE",0.159,0.234,0.225,0.237,0.193,0.244,0.176,0.245,0.244,0.242,0.458,0.421,0.22,0.223,0.043,0.238,0
"WWOX","POSITIVE",0.166,0.234,0.16,0.187,0.125,0.17,0.171,0.165,0.17,0.168,0.252,0.464,0.416,0.17,0.061,0.205,0
"CCND1","NEGATIVE",0.865,0.778,0.887,0.83,0.916,0.881,0.736,0.881,0.882,0.884,0.729,0.622,0.793,0.912,0.966,0.837,15
"TGFB1I1","NEGATIVE",0.873,0.755,0.848,0.789,0.835,0.735,0.735,0.732,0.736,0.734,0.702,0.568,0.665,0.758,0.989,0.763,15
"OSBPL8","NEGATIVE",0.844,0.699,0.762,0.759,0.815,0.754,0.746,0.765,0.752,0.753,0.693,0.536,0.618,0.718,0.941,0.744,15
"TBL1XR1","NEGATIVE",0.861,0.71,0.693,0.747,0.776,0.708,0.617,0.7,0.706,0.71,0.712,0.562,0.708,0.641,1,0.723,15
"GPX1","NEGATIVE",0.768,0.715,0.626,0.784,0.69,0.687,0.912,0.706,0.691,0.695,0.669,0.632,0.677,0.765,0.722,0.716,15
"PDGFRA","NEGATIVE",0.663,0.743,0.765,0.795,0.794,0.787,0.759,0.791,0.788,0.794,0.599,0.569,0.591,0.833,0.306,0.705,14
"SDF4","NEGATIVE",0.795,0.711,0.713,0.747,0.796,0.782,0.724,0.783,0.783,0.776,0.704,0.598,0.546,0.726,0.286,0.698,14
"BNIP3","NEGATIVE",0.588,0.755,0.711,0.815,0.86,0.763,0.783,0.764,0.761,0.767,0.716,0.566,0.488,0.779,0.335,0.697,13
"MED1","NEGATIVE",0.855,0.651,0.806,0.716,0.802,0.736,0.826,0.745,0.733,0.735,0.625,0.501,0.571,0.73,0.349,0.692,14
"CTBP1","NEGATIVE",0.825,0.658,0.682,0.684,0.744,0.669,0.686,0.648,0.668,0.663,0.661,0.562,0.565,0.651,0.947,0.688,15
"PIAS1","NEGATIVE",0.798,0.648,0.815,0.662,0.721,0.64,0.56,0.636,0.639,0.638,0.628,0.502,0.554,0.654,0.943,0.669,15
"CLIP3","NEGATIVE",0.801,0.698,0.738,0.745,0.839,0.737,0.765,0.744,0.737,0.736,0.664,0.542,0.517,0.718,0.021,0.667,14
"SLC39A13","NEGATIVE",0.758,0.61,0.547,0.678,0.642,0.698,0.772,0.702,0.702,0.697,0.654,0.581,0.478,0.704,0.524,0.65,14
"ARID5B","NEGATIVE",0.749,0.698,0.677,0.709,0.681,0.661,0.603,0.663,0.662,0.661,0.691,0.53,0.487,0.678,0.459,0.641,13
"ATF2","NEGATIVE",0.39,0.556,0.538,0.621,0.629,0.671,0.702,0.676,0.67,0.671,0.642,0.519,0.474,0.666,0.412,0.589,12
"METRNL","NEGATIVE",0.647,0.543,0.591,0.549,0.616,0.52,0.621,0.534,0.519,0.515,0.523,0.507,0.525,0.516,0.461,0.546,14
"ZBTB7A","NEGATIVE",0.769,0.47,0.562,0.506,0.488,0.536,0.431,0.514,0.534,0.535,0.554,0.506,0.513,0.486,0.535,0.529,11
"GATA2","NEGATIVE",0.588,0.351,0.495,0.502,0.616,0.481,0.61,0.471,0.479,0.479,0.434,0.389,0.625,0.431,0.827,0.518,6
"NIPBL","NEGATIVE",0.685,0.516,0.559,0.534,0.558,0.49,0.821,0.484,0.487,0.489,0.446,0.502,0.506,0.494,0.175,0.516,8
"AKT2","NEGATIVE",0.539,0.512,0.537,0.529,0.474,0.573,0.444,0.579,0.573,0.574,0.583,0.555,0.523,0.55,0.166,0.514,12
"PLAC8","NEGATIVE",0.187,0.276,0.386,0.44,0.648,0.621,0.402,0.615,0.62,0.618,0.528,0.405,0.35,0.722,0.704,0.501,8
"FBXO9","NEGATIVE",0.326,0.39,0.476,0.362,0.487,0.531,0.238,0.532,0.532,0.531,0.572,0.541,0.501,0.438,0.911,0.491,8
"IL11","NEGATIVE",0.787,0.342,0.486,0.388,0.396,0.396,0.445,0.402,0.392,0.39,0.388,0.437,0.717,0.439,0.924,0.489,3
"HMGA2","NEGATIVE",0.481,0.402,0.463,0.451,0.352,0.504,0.297,0.501,0.504,0.508,0.435,0.523,0.472,0.494,0.916,0.487,6
"SREBF1","NEGATIVE",0.468,0.395,0.321,0.425,0.352,0.424,0.518,0.45,0.423,0.427,0.411,0.525,0.607,0.42,1,0.478,4
"ERAP1","NEGATIVE",0.42,0.442,0.527,0.471,0.402,0.495,0.548,0.486,0.492,0.496,0.463,0.514,0.546,0.467,0.328,0.473,4
"CTBP2","NEGATIVE",0.545,0.429,0.526,0.47,0.528,0.458,0.496,0.465,0.46,0.454,0.504,0.523,0.503,0.46,0.193,0.468,6
"EGR2","NEGATIVE",0.371,0.302,0.418,0.323,0.361,0.421,0.381,0.399,0.421,0.423,0.473,0.406,0.741,0.484,1,0.462,2
"TMEM120B","NEGATIVE",0.331,0.364,0.347,0.46,0.497,0.449,0.635,0.438,0.451,0.447,0.324,0.478,0.55,0.48,0.465,0.448,2
"SIRT1","NEGATIVE",0.358,0.411,0.481,0.407,0.37,0.366,0.375,0.357,0.366,0.361,0.398,0.486,0.554,0.336,0.977,0.44,2
"NR4A2","NEGATIVE",0.231,0.384,0.506,0.477,0.479,0.479,0.452,0.469,0.481,0.479,0.454,0.41,0.56,0.428,0.273,0.438,2
"NOC3L","NEGATIVE",0.422,0.358,0.473,0.395,0.309,0.375,0.494,0.381,0.375,0.377,0.395,0.509,0.53,0.352,0.809,0.437,3
"CEBPB","NEGATIVE",0.397,0.498,0.445,0.443,0.426,0.492,0.174,0.501,0.494,0.49,0.643,0.544,0.388,0.585,0.02,0.436,4
"TRIM32","NEGATIVE",0.446,0.369,0.38,0.363,0.372,0.366,0.232,0.359,0.368,0.367,0.451,0.505,0.541,0.346,0.916,0.425,3
"TMEM120A","NEGATIVE",0.499,0.432,0.347,0.428,0.385,0.444,0.508,0.432,0.444,0.454,0.46,0.535,0.465,0.417,0.077,0.422,2
"NPR2","NEGATIVE",0.672,0.435,0.372,0.443,0.373,0.43,0.315,0.42,0.428,0.43,0.454,0.517,0.479,0.359,0.174,0.42,2
"ATF5","NEGATIVE",0.287,0.412,0.3,0.454,0.493,0.467,0.559,0.473,0.464,0.464,0.374,0.491,0.434,0.447,0.143,0.417,1
"KCNJ8","NEGATIVE",0.185,0.295,0.429,0.378,0.477,0.416,0.303,0.421,0.419,0.414,0.401,0.461,0.497,0.473,0.624,0.413,1
"PSMB8","NEGATIVE",0.272,0.386,0.381,0.424,0.422,0.48,0.466,0.488,0.48,0.479,0.462,0.465,0.385,0.549,0.056,0.413,1
"FOXO1","NEGATIVE",0.29,0.36,0.361,0.394,0.374,0.445,0.319,0.458,0.444,0.449,0.407,0.477,0.674,0.411,0.323,0.412,1
"ALOXE3","NEGATIVE",0.224,0.274,0.37,0.427,0.479,0.514,0.274,0.527,0.516,0.518,0.542,0.292,0.459,0.54,0.213,0.411,6
"MKKS","NEGATIVE",0.241,0.318,0.353,0.345,0.335,0.369,0.394,0.395,0.367,0.366,0.369,0.497,0.516,0.339,0.791,0.4,2
"ADRB2","NEGATIVE",0.206,0.305,0.293,0.465,0.466,0.5,0.364,0.506,0.499,0.505,0.521,0.339,0.344,0.572,0.02,0.394,4
"ARL4A","NEGATIVE",0.187,0.284,0.402,0.324,0.37,0.365,0.332,0.382,0.368,0.369,0.367,0.488,0.511,0.318,0.791,0.39,2
"TCF7L2","NEGATIVE",0.236,0.409,0.424,0.376,0.405,0.484,0.179,0.48,0.484,0.484,0.534,0.495,0.419,0.423,0.01,0.39,1
"SH2B2","NEGATIVE",0.198,0.321,0.275,0.437,0.368,0.335,0.437,0.31,0.338,0.337,0.351,0.41,0.528,0.288,0.789,0.381,2
"OSBPL11","NEGATIVE",0.513,0.375,0.448,0.431,0.39,0.35,0.414,0.352,0.35,0.349,0.322,0.475,0.508,0.347,0.076,0.38,2
"BBS7","NEGATIVE",0.269,0.363,0.305,0.411,0.325,0.374,0.39,0.368,0.373,0.377,0.337,0.507,0.499,0.329,0.461,0.379,1
"CBY1","NEGATIVE",0.25,0.338,0.25,0.336,0.331,0.364,0.442,0.381,0.364,0.366,0.386,0.528,0.441,0.378,0.512,0.378,2
"RGS2","NEGATIVE",0.221,0.308,0.325,0.281,0.303,0.377,0.217,0.382,0.377,0.378,0.385,0.524,0.395,0.329,0.767,0.371,2
"CEBPD","NEGATIVE",0.33,0.496,0.434,0.43,0.318,0.392,0.15,0.399,0.399,0.395,0.602,0.563,0.28,0.365,0,0.37,2
"PLCB1","NEGATIVE",0.23,0.319,0.384,0.371,0.424,0.364,0.209,0.369,0.361,0.361,0.412,0.438,0.376,0.341,0.493,0.363,0
"EBF2","NEGATIVE",0.189,0.281,0.305,0.322,0.351,0.37,0.142,0.348,0.366,0.372,0.425,0.428,0.444,0.347,0.576,0.351,1
"PER2","NEGATIVE",0.28,0.28,0.393,0.282,0.326,0.307,0.326,0.309,0.309,0.305,0.337,0.428,0.596,0.298,0.467,0.349,1
"LAMB3","NEGATIVE",0.281,0.268,0.304,0.344,0.278,0.263,0.293,0.288,0.264,0.261,0.355,0.449,0.641,0.289,0.621,0.347,2
"PPARG","NEGATIVE",0.171,0.273,0.296,0.306,0.347,0.436,0.171,0.444,0.433,0.432,0.409,0.473,0.279,0.45,0.293,0.347,0
"FAM120B","NEGATIVE",0.356,0.349,0.284,0.31,0.248,0.371,0.293,0.376,0.365,0.368,0.423,0.465,0.455,0.404,0.102,0.344,0
"KLF4","NEGATIVE",0.239,0.328,0.405,0.266,0.255,0.374,0.117,0.36,0.373,0.372,0.461,0.477,0.499,0.334,0.09,0.33,0
"SOCS1","NEGATIVE",0.223,0.304,0.352,0.412,0.384,0.324,0.374,0.327,0.33,0.318,0.326,0.445,0.427,0.343,0,0.326,0
"PNPLA3","NEGATIVE",0.212,0.292,0.337,0.284,0.35,0.343,0.329,0.35,0.344,0.343,0.326,0.49,0.404,0.341,0.134,0.325,0
"GRK5","NEGATIVE",0.177,0.319,0.307,0.368,0.371,0.378,0.279,0.386,0.378,0.375,0.334,0.448,0.355,0.337,0,0.321,0
"BBS12","NEGATIVE",0.17,0.234,0.265,0.22,0.324,0.282,0.234,0.276,0.284,0.283,0.331,0.456,0.414,0.292,0.73,0.32,1
"BBS2","NEGATIVE",0.491,0.381,0.244,0.328,0.243,0.287,0.194,0.272,0.285,0.288,0.434,0.517,0.516,0.255,0.072,0.32,2
"FABP3","NEGATIVE",0.164,0.296,0.297,0.316,0.334,0.397,0.201,0.394,0.397,0.396,0.429,0.455,0.254,0.434,0,0.317,0
"MAFB","NEGATIVE",0.178,0.252,0.487,0.225,0.342,0.377,0.227,0.367,0.376,0.378,0.391,0.429,0.334,0.332,0.055,0.317,0
"INHBB","NEGATIVE",0.177,0.29,0.317,0.314,0.331,0.381,0.189,0.407,0.383,0.379,0.38,0.411,0.381,0.306,0.014,0.311,0
"ZNF516","NEGATIVE",0.172,0.293,0.211,0.36,0.267,0.312,0.355,0.321,0.312,0.307,0.298,0.469,0.401,0.303,0.015,0.293,0
"DHRS7B","NEGATIVE",0.212,0.384,0.266,0.333,0.231,0.281,0.177,0.261,0.281,0.281,0.42,0.508,0.401,0.224,0.014,0.285,1
"ALDH6A1","NEGATIVE",0.168,0.343,0.222,0.264,0.25,0.319,0.143,0.311,0.32,0.319,0.371,0.498,0.366,0.276,0.019,0.279,0
"PEX11A","NEGATIVE",0.165,0.241,0.206,0.259,0.347,0.288,0.217,0.269,0.287,0.284,0.352,0.459,0.313,0.315,0.07,0.272,0
"SENP2","NEGATIVE",0.194,0.319,0.202,0.273,0.207,0.19,0.207,0.194,0.188,0.192,0.346,0.511,0.514,0.194,0.324,0.27,2
"BBS4","NEGATIVE",0.212,0.361,0.213,0.304,0.196,0.226,0.101,0.226,0.225,0.231,0.392,0.518,0.448,0.222,0.019,0.259,1
"BBS1","NEGATIVE",0.244,0.303,0.231,0.228,0.182,0.239,0.121,0.233,0.236,0.238,0.353,0.497,0.487,0.19,0.043,0.255,0
"RNASEL","NEGATIVE",0.172,0.235,0.23,0.232,0.267,0.238,0.236,0.226,0.235,0.238,0.29,0.462,0.421,0.215,0.112,0.254,0
"BBS9","NEGATIVE",0.18,0.264,0.237,0.202,0.147,0.238,0.175,0.242,0.237,0.237,0.286,0.486,0.494,0.209,0.037,0.245,0
"TTC8","NEGATIVE",0.21,0.296,0.239,0.21,0.132,0.213,0.136,0.211,0.211,0.213,0.367,0.511,0.488,0.198,0.041,0.245,1
"PID1","NEGATIVE",0.165,0.243,0.224,0.156,0.129,0.202,0.051,0.215,0.202,0.202,0.29,0.489,0.292,0.17,0.025,0.204,0
"ENPEP","Candidate",0.549,0.637,0.627,0.646,0.487,0.519,0.638,0.519,0.519,0.517,0.537,0.43,0.383,0.656,0.13,0.52,11
